URL,
https://careers.walmart.com/us/jobs/WD2034051-software-engineer-iii,
https://careers.walmart.com/us/jobs/WD2013734-software-engineer-iii,
https://careers.walmart.com/us/jobs/WD2091426-software-engineer-iii,0
https://careers.walmart.com/us/jobs/WD1965831-software-engineer-iii,0
https://careers.walmart.com/us/jobs/WD2014292-software-engineer-iii,
https://careers.walmart.com/us/jobs/WD2054682-software-engineer-iii,
https://careers.walmart.com/us/jobs/WD1979042-usa-software-engineer-iii,
https://careers.walmart.com/us/jobs/WD1979029-usa-software-engineer-iii,0
https://careers.walmart.com/us/jobs/WD2085720-usa-software-engineer-iii,
https://careers.walmart.com/us/jobs/WD2079156-usa-software-engineer-iii,
https://careers.walmart.com/us/jobs/WD2079149-usa-software-engineer-iii,
https://careers.walmart.com/us/jobs/WD2090062-usa-software-engineer-iii,
https://careers.walmart.com/us/jobs/WD2084644-usa-software-engineer-iii,
https://careers.walmart.com/us/jobs/WD2070874-software-engineer-iii-sams,
https://careers.walmart.com/us/jobs/WD2081306-software-engineer-iii,
https://careers.walmart.com/us/jobs/WD2081382-software-engineer-iii,
https://careers.walmart.com/us/jobs/WD2081552-software-engineer-iii,0
https://careers.walmart.com/us/jobs/WD2083900-software-engineer-iii,
https://careers.walmart.com/us/jobs/WD2082467-software-engineer-iii,
https://careers.walmart.com/us/jobs/WD2081325-software-engineer-iii,
https://careers.walmart.com/us/jobs/WD2080921-software-engineer-iii,
https://careers.walmart.com/us/jobs/WD2080947-software-engineer-iii,
https://careers.walmart.com/us/jobs/WD2083842-software-engineer-iii,
https://careers.walmart.com/us/jobs/WD2081422-software-engineer-iii,
https://careers.walmart.com/us/jobs/WD2083919-software-engineer-iii,
https://careers.walmart.com/us/jobs/WD2081424-software-engineer-iii,
https://careers.walmart.com/us/jobs/WD2082458-software-engineer-iii,
https://careers.walmart.com/us/jobs/WD2081308-software-engineer-iii,
https://careers.walmart.com/us/jobs/WD2083801-software-engineer-iii,
https://careers.walmart.com/us/jobs/WD2081555-software-engineer-iii,
https://jobright.ai/jobs/info/67a3d6ffe4c52cbba518587f,